year,payments_count,total_amount,avg_amount
2003,100,3250217.70,32502.177000
2004,136,4313328.25,31715.648897
2005,37,1290293.28,34872.791351
