min_markup,avg_markup,max_markup
1.428504,1.8870239217,2.500464
